why,dpe,EEJEJF,ERE,gg,ggg
1,2,1,2,1.666666667,1.666666667
3,2,2,3,3.333333333,3.833333333
1,2,1,2,1.666666667,1.666666667
3,2,2,3,3.333333333,3.833333333
1,2,1,2,1.666666667,1.666666667
3,2,2,3,3.333333333,3.833333333
1,2,1,2,1.666666667,1.666666667
3,2,2,3,3.333333333,3.833333333
